{"i":1000,"val_loss_history":[1.902520570159],"val_loss_history_it":[1000],"forward_backward_times":{},"opt":{"max_epochs":50,"checkpoint_every":1000,"batch_size":50,"memory_benchmark":0,"init_from":"","grad_clip":5,"model_type":"lstm","lr_decay_every":5,"print_every":1,"wordvec_size":64,"seq_length":50,"input_json":"data\/my_data.json","num_layers":2,"input_h5":"data\/my_data.h5","reset_iterations":1,"rnn_size":128,"dropout":0,"checkpoint_name":"cv\/checkpoint","batchnorm":0,"learning_rate":0.002,"speed_benchmark":0,"gpu_backend":"cuda","lr_decay_factor":0.5,"gpu":-1},"train_loss_history":[4.8904509544373,4.7423071861267,4.5476250648499,4.2914538383484,3.9931039810181,3.7493457794189,3.5798540115356,3.4323461055756,3.2994811534882,3.2329621315002,3.2247416973114,3.1674172878265,3.150719165802,3.2003173828125,3.1984415054321,3.2297141551971,3.2349028587341,3.2070944309235,3.2136690616608,3.100480556488,3.1498122215271,3.1699862480164,3.2808492183685,3.227080821991,3.1670157909393,3.1771574020386,3.1359810829163,3.1539795398712,3.1722872257233,3.1754128932953,3.1799473762512,3.166543006897,3.1106383800507,3.1413519382477,3.1240026950836,3.1707165241241,3.1295907497406,3.1521642208099,3.1415615081787,3.1786963939667,3.1210966110229,3.1645205020905,3.1093173027039,3.1664695739746,3.0746772289276,3.100213766098,3.0881772041321,3.0940010547638,3.0926597118378,3.1541771888733,3.0591008663177,3.0775454044342,3.156191110611,3.129775762558,3.0351760387421,3.1176407337189,3.0358915328979,3.0625412464142,3.0456938743591,3.0342793464661,3.0145041942596,2.9846918582916,2.9938786029816,3.0311381816864,3.0012006759644,3.0118708610535,2.9318993091583,2.9581551551819,3.016998052597,2.9954669475555,2.9745666980743,2.9603152275085,2.9598710536957,2.9400322437286,2.9429347515106,2.8787302970886,2.8766183853149,2.9135110378265,2.947304725647,2.8355226516724,2.905838727951,2.9234683513641,2.8892569541931,2.8290283679962,2.8472278118134,2.8751955032349,2.828640460968,2.8652122020721,2.8282291889191,2.8548047542572,2.8338475227356,2.803822517395,2.7445642948151,2.8295736312866,2.7832760810852,2.8319625854492,2.7736630439758,2.7706401348114,2.7876057624817,2.7468538284302,2.7666535377502,2.7826473712921,2.7333106994629,2.6801280975342,2.7727830410004,2.7567317485809,2.7040083408356,2.6745686531067,2.6307315826416,2.7479870319366,2.6801450252533,2.7087233066559,2.6326789855957,2.6968564987183,2.6753962039948,2.7357409000397,2.6404342651367,2.677365064621,2.6708548069,2.6512734889984,2.7002601623535,2.5727598667145,2.6757347583771,2.625718832016,2.6380200386047,2.645069360733,2.5460562705994,2.523993730545,2.5772340297699,2.6520113945007,2.6528301239014,2.5961253643036,2.6800169944763,2.6625907421112,2.6235282421112,2.6343114376068,2.6310586929321,2.6094818115234,2.5700767040253,2.6567633152008,2.6745076179504,2.5724854469299,2.5553023815155,2.5912959575653,2.6122717857361,2.5051844120026,2.5551474094391,2.60373878479,2.5328266620636,2.5413856506348,2.5800824165344,2.5539700984955,2.5686893463135,2.4832675457001,2.5688652992249,2.5262498855591,2.5030453205109,2.5359833240509,2.5039505958557,2.5076062679291,2.5104937553406,2.5279920101166,2.4664344787598,2.5308127403259,2.5385630130768,2.4950587749481,2.4875586032867,2.6000638008118,2.5656969547272,2.4906325340271,2.5090446472168,2.5672559738159,2.5923569202423,2.5177681446075,2.5000340938568,2.6138081550598,2.5192930698395,2.4994349479675,2.5067219734192,2.5120260715485,2.5221121311188,2.5249783992767,2.5394611358643,2.5906867980957,2.5274245738983,2.5543620586395,2.5330896377563,2.5007696151733,2.54905128479,2.4955153465271,2.4790432453156,2.5164852142334,2.5108859539032,2.4489860534668,2.4890298843384,2.5098502635956,2.4815661907196,2.4643330574036,2.495299577713,2.5011684894562,2.4385373592377,2.5372824668884,2.4462764263153,2.4382238388062,2.3772211074829,2.4133677482605,2.4466645717621,2.4652619361877,2.4737286567688,2.4260056018829,2.4598712921143,2.4391193389893,2.3952157497406,2.3991661071777,2.4506742954254,2.4705593585968,2.4547588825226,2.3260180950165,2.4396147727966,2.373574256897,2.3469955921173,2.4358215332031,2.3823657035828,2.4187395572662,2.3859639167786,2.368762254715,2.401074886322,2.4207220077515,2.4414315223694,2.3923432826996,2.4015927314758,2.3936123847961,2.4263536930084,2.3965842723846,2.4178190231323,2.4032874107361,2.3957397937775,2.420569896698,2.315705537796,2.3728623390198,2.3484799861908,2.4127607345581,2.3595135211945,2.3435463905334,2.3775479793549,2.3197381496429,2.3194785118103,2.316686630249,2.3422620296478,2.342113494873,2.3866078853607,2.295120716095,2.346969127655,2.2616450786591,2.3395936489105,2.3828830718994,2.3578124046326,2.3856704235077,2.3018836975098,2.2780148983002,2.300980091095,2.3377587795258,2.2741072177887,2.2670512199402,2.2979810237885,2.3702638149261,2.2617161273956,2.3012344837189,2.3012750148773,2.3510963916779,2.3521537780762,2.2615833282471,2.2771162986755,2.3188698291779,2.3042244911194,2.4185185432434,2.385885477066,2.3311789035797,2.3468923568726,2.3435549736023,2.3323101997375,2.3287301063538,2.3586564064026,2.410924911499,2.3095126152039,2.3199317455292,2.2980332374573,2.298849105835,2.3299214839935,2.2428300380707,2.279798746109,2.3263130187988,2.2970402240753,2.3275120258331,2.3270444869995,2.2779879570007,2.332332611084,2.2701156139374,2.2411684989929,2.2388260364532,2.2236480712891,2.2190582752228,2.2688302993774,2.2874093055725,2.2386183738708,2.2421081066132,2.3036437034607,2.2689044475555,2.2652492523193,2.2783415317535,2.2892181873322,2.2900080680847,2.2453570365906,2.2686336040497,2.3035871982574,2.2743399143219,2.2757258415222,2.2644665241241,2.253630399704,2.3049855232239,2.2624528408051,2.2638809680939,2.2044377326965,2.287401676178,2.3020069599152,2.2572576999664,2.2118721008301,2.3074624538422,2.2873950004578,2.2241592407227,2.2307865619659,2.2166583538055,2.2208917140961,2.2692975997925,2.2761273384094,2.2419488430023,2.1862878799438,2.2122673988342,2.1939735412598,2.1962912082672,2.2223145961761,2.2154176235199,2.2488877773285,2.2231621742249,2.2571723461151,2.2922132015228,2.1716499328613,2.2448072433472,2.2321746349335,2.1184360980988,2.1913137435913,2.2276978492737,2.2502176761627,2.183454990387,2.1004586219788,2.1660668849945,2.2310156822205,2.2391793727875,2.1656861305237,2.1710977554321,2.1912343502045,2.240734577179,2.1464319229126,2.1691687107086,2.2141010761261,2.1418795585632,2.1308312416077,2.1896686553955,2.2103464603424,2.2058718204498,2.2310807704926,2.1591274738312,2.2122015953064,2.120373249054,2.1279520988464,2.1822037696838,2.2682771682739,2.265373468399,2.1826260089874,2.1906044483185,2.204030752182,2.1577250957489,2.1611096858978,2.1382920742035,2.1562535762787,2.1598212718964,2.1998167037964,2.1815748214722,2.1683371067047,2.1769127845764,2.1838364601135,2.161461353302,2.1130192279816,2.1854872703552,2.2420120239258,2.2250182628632,2.1540465354919,2.1684229373932,2.14701795578,2.1145143508911,2.1947741508484,2.0878987312317,2.1706366539001,2.2024827003479,2.1951291561127,2.186589717865,2.1322221755981,2.1999800205231,2.1058781147003,2.2506713867188,2.1602399349213,2.139223575592,2.2039422988892,2.1763217449188,2.1371321678162,2.1255762577057,2.2289171218872,2.1452102661133,2.1348795890808,2.10129737854,2.1205108165741,2.1859347820282,2.1696329116821,2.1270530223846,2.1813766956329,2.183970451355,2.2507982254028,2.1794247627258,2.0940890312195,2.1147482395172,2.1702318191528,2.0958323478699,2.1130409240723,2.1956689357758,2.0794458389282,2.0688025951385,2.0958254337311,2.1191394329071,2.1506760120392,2.1787126064301,2.1466708183289,2.1501162052155,2.0990595817566,2.1044874191284,2.1114175319672,2.1155517101288,2.1520454883575,2.1396889686584,2.0930125713348,2.1571221351624,2.133721113205,2.1212246417999,2.1160464286804,2.1625216007233,2.1255192756653,2.1204166412354,2.1329543590546,2.2458679676056,2.146146774292,2.1892926692963,2.0889384746552,2.1228737831116,2.0997178554535,2.1222784519196,2.1452589035034,2.0824325084686,